{
  "project_info": {
    "project_number": "120410984063",
    "project_id": "lilium-5b716",
    "storage_bucket": "lilium-5b716.appspot.com"
  },
  "client": [
    {
      "client_info": {
        "mobilesdk_app_id": "1:120410984063:android:cb9b1e740085cd3270f94a",
        "android_client_info": {
          "package_name": "com.example.lilium"
        }
      },
      "oauth_client": [
        {
          "client_id": "120410984063-iboh1nuik2sn5s1gefokfmag0f575qvp.apps.googleusercontent.com",
          "client_type": 3
        }
      ],
      "api_key": [
        {
          "current_key": "AIzaSyCvIGWCaC7-OhdqGijAXXhEI0bXtzPZOlA"
        }
      ],
      "services": {
        "appinvite_service": {
          "other_platform_oauth_client": [
            {
              "client_id": "120410984063-iboh1nuik2sn5s1gefokfmag0f575qvp.apps.googleusercontent.com",
              "client_type": 3
            }
          ]
        }
      }
    }
  ],
  "configuration_version": "1"
}